{
  "en_monolingual": {
    "accuracy": 0.9515765765765766,
    "precision": 0.9485783745652167,
    "recall": 0.9515765765765766,
    "f1": 0.9497792416696306,
    "loss": 0.21456139084382034
  },
  "ru_monolingual": {
    "accuracy": 0.9175721243911578,
    "precision": 0.9079508205968382,
    "recall": 0.9175721243911578,
    "f1": 0.9105595739063704,
    "loss": 0.3256669186354018
  },
  "multilingual_en": {
    "accuracy": 0.9481981981981982,
    "precision": 0.9452598627324648,
    "recall": 0.9481981981981982,
    "f1": 0.9465052645273051,
    "loss": 0.22764888515043172
  },
  "multilingual_ru": {
    "accuracy": 0.9183214687148745,
    "precision": 0.9108184692471541,
    "recall": 0.9183214687148745,
    "f1": 0.9134142557333145,
    "loss": 0.33753613161040236
  },
  "multilingual_de_zero_shot": {
    "accuracy": 0.8406940063091483,
    "precision": 0.9018740248721656,
    "recall": 0.8406940063091483,
    "f1": 0.8687538236676448,
    "loss": 0.5552810495486483
  },
  "en_zero_shot_de": {
    "accuracy": 0.9400630914826499,
    "precision": 0.8923895274137993,
    "recall": 0.9400630914826499,
    "f1": 0.9156061655253777,
    "loss": 0.3858047381436336
  },
  "multi_zero_shot_de": {
    "accuracy": 0.8406940063091483,
    "precision": 0.9018740248721656,
    "recall": 0.8406940063091483,
    "f1": 0.8687538236676448,
    "loss": 0.5552810495486483
  },
  "de_translated": {
    "accuracy": 0.6577287066246057,
    "precision": 0.8928522419802443,
    "recall": 0.6577287066246056,
    "f1": 0.750597636791521,
    "loss": 0.8486955814063549
  }
}